love,sex,6.77,9,6,8,8,7,8,8,4,7,2,6,7,8
tiger,cat,7.35,9,7,8,7,8,9,8.5,5,6,9,7,5,7
tiger,tiger,10.00,10,10,10,10,10,10,10,10,10,10,10,10,10
book,paper,7.46,8,8,7,7,8,9,7,6,7,8,9,4,9
computer,keyboard,7.62,8,7,9,9,8,8,7,7,6,8,10,3,9
computer,internet,7.58,8,6,9,8,8,8,7.5,7,7,7,9,5,9
plane,car,5.77,6,6,7,5,3,6,7,6,6,6,7,3,7
train,car,6.31,7,7.5,7.5,5,3,6,7,6,6,6,9,4,8
telephone,communication,7.50,7,6.5,8,8,6,8,8,7,5,9,9,8,8
television,radio,6.77,7,7.5,9,7,3,6,7,8,5.5,6,8,6,8
media,radio,7.42,7,7,8.5,9,6,7,7,7,5,7,10,8,8
drug,abuse,6.85,7,5.5,8,10,7,9,7,7,4,5,8.5,4,7
bread,butter,6.19,6,5.5,8,9,6,8,7,5,6,4,4,3,9
cucumber,potato,5.92,7,7.5,7,6,4,6,6.5,4,6,4,5,6,8
doctor,nurse,7.00,7,8,9,7,5,7,7,7,6,6,7,7,8
professor,doctor,6.62,6,7.5,8,7,4,6,8.5,6,7,3,6,9,8
student,professor,6.81,6,8,9,6,4,8,7.5,8,6,3,8,7,8
smart,student,4.62,5,6,5,2,4,6,5,7,4,3,3,5,5
smart,stupid,5.81,3,7,9,9,5,8,6,0,6.5,3,5,7,7
company,stock,7.08,6,8,9,9,4,8,8,6,6,8,6,6,8
stock,market,8.08,8,9,9.5,8,5,9,9,9,7,8,7.5,7,9
stock,phone,1.62,3,1,0,1,4,3,1,1,1,3,0,2,1
stock,CD,1.31,2,1,0,1,4,1,0,0,1,3,3,1,0
stock,jaguar,0.92,1,0,0,1,4,0,2,0,1,3,0,0,0
stock,egg,1.81,5,1.5,0,1,3,0,0,2,2,3,1,5,0
fertility,egg,6.69,7,8,8,7,4,8,8,8,6,9,2,6,6
stock,live,3.73,8,5.5,6,1,4,5,0,0,1,6,2,3,7
stock,life,0.92,4,0,0,1,3,0,0,0,2,0,0,0,2
book,library,7.46,8,9,8,9,5,9,8,7,6,8,7,6,7
bank,money,8.12,8,9,9.5,9,5,9,8,9,6,9,9,8,7
wood,forest,7.73,9,6,9.5,7,5,9,9,9,6,8,9,8,6
money,cash,9.15,10,9.5,9.5,10,8,9,9.5,10,7,10,8.5,9,9
professor,cucumber,0.31,1,0,0,1,2,0,0,0,0,0,0,0,0
king,cabbage,0.23,1,0,0,1,1,0,0,0,0,0,0,0,0
king,queen,8.58,9,9.5,9.5,10,7,8,8.5,9,8,8,8,8,9
king,rook,5.92,7,7.5,7,6,7,8,8.5,0,8,0,6,5,7
bishop,rabbi,6.69,7,7.5,8.5,2,5,7,9,7,8,7,6,7,6
Jerusalem,Israel,8.46,9,8,9.5,9,8,8,8,8,9,8,9.5,7,9
Jerusalem,Palestinian,7.65,9,8,9,8,4,8,8,7,9,8,9.5,5,7
holy,sex,1.62,3,0,5,2,1,1,7,0,1,0,0,0,1
fuck,sex,9.44,10,9.75,10,10,8,9,9,10,9,10,8,10,10
Maradona,football,8.62,9,9,9.5,10,7,9,8.5,8,9,10,9,6,8
football,soccer,9.03,9,9.9,9,10,8,7,9.5,10,8,10,9,9,9
football,basketball,6.81,8,7.5,8.5,3,3,8,8,6,7.5,8,7,6,8
football,tennis,6.63,7,7.25,8.5,3,3,7,8,6,7.5,8,7,6,8
tennis,racket,7.56,4,8,9.5,9,4,9,7.5,8,7.8,8,8.5,6,9
Arafat,peace,6.73,8,8,9.5,9,2,8,7,7,7,5,7,4,6
Arafat,terror,7.65,8,8,9.5,9,5,9,7,7,8,10,8,4,7
Arafat,Jackson,2.50,4,7.5,0,2,3,1,0,0,4,1,6,2,2
law,lawyer,8.38,9,8,9.5,9,6,9,9.5,9,7,10,6,8,9
movie,star,7.38,9,8,9.5,8,6,9,7,8,7,5,6.5,5,8
movie,popcorn,6.19,7,6,9,4,5,7,8,9,6,4,6.5,2,7
movie,critic,6.73,8,7.5,9.5,9,6,8,7.5,8,5,4,5,3,7
movie,theater,7.92,8,8,9.5,9,6,8,8.5,7,7,10,6,7,9
physics,proton,8.12,9,8.5,9,10,6,8,8.5,8,7,8,9.5,5,9
physics,chemistry,7.35,8,8.5,9,8,5,7,8,7,8,7,7,4,9
space,chemistry,4.88,6,8,3,5,5,6,7.5,6,5,3,1,2,6
alcohol,chemistry,5.54,8,8,7,5,5,8,6,4,4,2,6,5,4
vodka,gin,8.46,9,9.5,9,10,7,8,8.5,9,8,10,6,8,8
vodka,brandy,8.13,9,9.25,9,7,7,8,8.5,9,8,10,6,7,8
drink,car,3.04,7,0.5,0,2,2,7,5,5,4,0,2,0,5
drink,ear,1.31,3,0,0,5,2,2,2,0,1,1,0,0,1
drink,mouth,5.96,8,6,7,7,3,7,4,6,7.5,6,6,2,8
drink,eat,6.87,8,8.75,9,9,3,7,8,9,7.5,0,5,7,8
baby,mother,7.85,9,9,9,9,5,8,7,8,8,10,8,3,9
drink,mother,2.65,3,1,1,3,3,7,0,2,6.5,0,4,1,3
car,automobile,8.94,9,9.75,10,10,5,6,10,10,7.5,10,10,10,9
gem,jewel,8.96,9,9.5,10,10,6,8,8.5,10,7.5,10,10,8,10
journey,voyage,9.29,9,9.75,10,10,6,7,9.5,10,9.5,10,10,10,10
boy,lad,8.83,9,9.75,10,10,6,5,9.5,9,7.5,10,10,9,10
coast,shore,9.10,9,9.75,10,10,6,6,10,8,9.5,10,10,10,10
asylum,madhouse,8.87,9,9.75,7,10,6,7,9.5,10,9,10,10,9,9
magician,wizard,9.02,9,9.75,10,10,7,6,9,8,8.5,10,10,10,10
midday,noon,9.29,10,9.75,9,10,7,6,9.5,10,9.5,10,10,10,10
furnace,stove,8.79,9,9.75,9.5,10,7,7,9,9,8,10,10,8,8
food,fruit,7.52,8,8.75,8,8,5,7,8,7,7,9,8,7,7
bird,cock,7.10,8,8.5,8,7,4,7,7,6,6.8,9,8,7,6
bird,crane,7.38,9,8.5,8.5,7,4,7,7,7,7,9,8,7,7
tool,implement,6.46,8,6,8,7,4,7,6,6,5,6,10,7,4
brother,monk,6.27,8,7,8,8,5,7,8.5,7,5,0,8,5,5
crane,implement,2.69,3,6,1,1,4,1,0,6,1,0,9,3,0
lad,brother,4.46,8,5.5,5,2,4,3,7,4,2.5,7,5,2,3
journey,car,5.85,7,7,7,6,4,6,6,7,5,5,5,4,7
monk,oracle,5.00,7,8,3,4,4,6,5,8,6,3,4,6,1
cemetery,woodland,2.08,3,2,1,2,3,6,2,3,3,0,0,1,1
food,rooster,4.42,7,4,4,6,3,6,7,2,4.5,2,8,1,3
coast,hill,4.38,6,6,6,5,2,6,5,5,4,3,4,1,4
forest,graveyard,1.85,4,2,1,1,2,6,1,3,3,0,0,1,0
shore,woodland,3.08,6,6,1,1,2,6,5,4,4,3,0,1,1
monk,slave,0.92,3,2,1,1,2,2,0,0,0,0,0,1,0
coast,forest,3.15,6,6,1,1,2,6,5,4,4,3,1,1,1
lad,wizard,0.92,4,0,0,1,2,3,0,0,0,0,0,1,1
chord,smile,0.54,3,0,0,1,2,1,0,0,0,0,0,0,0
glass,magician,2.08,4,1,4,2,2,3,0,0,0,0,10,0,1
noon,string,0.54,2,0,0,1,2,1,0,0,1,0,0,0,0
rooster,voyage,0.62,2,0,0,1,2,1,0,0,1,0,1,0,0
money,dollar,8.42,9,9.5,9,10,5,8,8.5,8,8,10,8.5,8,8
money,cash,9.08,10,9.5,9.5,10,5,9,9.5,10,8,10,8.5,9,10
money,currency,9.04,10,9.5,9,10,5,9,9.5,9,9,10,8.5,9,10
money,wealth,8.27,9,8,9,9,5,6,8.5,9,9,10,8,9,8
money,property,7.57,8,8.25,6,8,5,8,8,7,8.2,8,8,7,9
money,possession,7.29,8,8.25,7,7,5,7,7.5,5,9,7,8,7,9
money,bank,8.50,9,8,9.5,9,6,9,8.5,9,8.5,10,8,7,9
money,deposit,7.73,9,8,9.5,9,5,9,8,7,7,8,7,7,7
money,withdrawal,6.88,8,8,9,9,5,9,8,5,6.5,8,2,5,7
money,laundering,5.65,8,7,8,7,5,7,7.5,2,5,5,5,0,7
money,operation,3.31,4,2,3,5,5,5,2,2,4,3,5,1,2
tiger,jaguar,8.00,9,9,9,10,5,8,7.5,6,8,9,8.5,7,8
tiger,feline,8.00,9,7.5,9.5,8,5,8,8.5,8,8,9,8.5,7,8
tiger,carnivore,7.08,9,6,8,5,5,8,7,7,8.1,8,6,7,8
tiger,mammal,6.85,9,7,7.5,5,5,7,7,7,8,8,8.5,6,4
tiger,animal,7.00,8,7,7.5,5,5,6,6,7,7.5,9,10,5,8
tiger,organism,4.77,8,7,6,1,5,5,1,2,6,4,10,5,2
tiger,fauna,5.62,8,7,7.5,1,2,6,7,2,5.5,9,10,5,3
tiger,zoo,5.87,8,5.25,8,3,5,7,6,8,6,5,5,5,5
psychology,psychiatry,8.08,9,8.5,9.5,9,4,8,8,8,7,9,9,8,8
psychology,anxiety,7.00,7,7,8.5,4,5,8,5,7,8,8,8.5,7,8
psychology,fear,6.85,8,7,8.5,4,5,8,5,5,8,8,8.5,7,7
psychology,depression,7.42,9,8,9,5,5,8,5,7,8,8,8.5,7,9
psychology,clinic,6.58,8,8,9.5,5,4,9,7,6,6,7,6,4,6
psychology,doctor,6.42,9,8,9,5,5,8,7.5,6,5,5,7,4,5
psychology,Freud,8.21,9,9.25,9.5,10,5,8,8,9,7.5,9,8.5,7,7
psychology,mind,7.69,9,9.5,9,9,5,8,5,8,7,8,8.5,7,7
psychology,health,7.23,9,8,8.5,5,5,7,5,8,8,8,8.5,6,8
psychology,science,6.71,8,7.75,7.5,5,5,7,4,8,6.5,7,9.5,4,8
psychology,discipline,5.58,8,7,7.5,6,4,6,4,7,6,8,2,5,2
psychology,cognition,7.48,9,9.75,8.5,6,3,8,8,8,6.5,9,7.5,8,6
planet,star,8.45,9,9.9,10,10,5,8,8.5,9,8,9,8.5,7,8
planet,constellation,8.06,9,8.25,9,9,6,8,8,8,8,9,8.5,6,8
planet,moon,8.08,9,8.5,9,9,5,8,7,9,8,10,8.5,7,7
planet,sun,8.02,9,8.75,9,8,5,8,7,9,8,10,8.5,7,7
planet,galaxy,8.11,9,8.25,9.5,8,5,8,8,8,8.2,10,9.5,6,8
planet,space,7.92,9,8,9.5,6,5,8,7,8,8,10,9.5,6,9
planet,astronomer,7.94,9,8.25,9.5,8,5,8,7,7,8,10,7.5,7,9
precedent,example,5.85,6,8.5,9.5,10,3,7,6,8,1,1,9,2,5
precedent,information,3.85,5,5.5,6,8,4,5,1,2,0,1,7.5,2,3
precedent,cognition,2.81,6,5.5,2,7,3,3,0,0,0,1,7,1,1
precedent,law,6.65,8,7,8.5,8,3,8,7,5,7.5,8,8.5,5,3
precedent,collection,2.50,7,5.5,1,3,3,5,0,0,0,0,6,1,1
precedent,group,1.77,6,1,1,2,3,5,0,0,0,0,4,1,0
precedent,antecedent,6.04,9.5,0,9.5,9,4,7,7.5,7,8,7,5,3,2
cup,coffee,6.58,9,8,9,8,5,9,8,5,6.5,5,4,3,6
cup,tableware,6.85,7,8.5,8,9,5,7,7,4,5,9,8.5,5,6
cup,article,2.40,1,8.25,6,3,3,0,0,0,0,3,3,2,2
cup,artifact,2.92,7,8,1,2,4,0,2,1,5,3,4,0,1
cup,object,3.69,8,8,4,2,5,3,2,5,5,0,3,2,1
cup,entity,2.15,3,6,3,1,4,3,0,3,4,0,1,0,0
cup,drink,7.25,9,7.75,9,8,4,8,6,8,8,6,7.5,6,7
cup,food,5.00,7,7,6,2,3,7,3,7,6,4,4,4,5
cup,substance,1.92,3,3,2,1,3,2,1,3,5,0,2,0,0
cup,liquid,5.90,9,7.75,7,5,4,7,4,7,7,6,7,4,2
jaguar,cat,7.42,9,7,8,8,4,8,7.5,7,7,9,7,7,8
jaguar,car,7.27,9,9,8.5,8,4,8,7,7,8,9,4,5,8
energy,secretary,1.81,1,0,4,2,4,5,1,1,1,0,1,1,4,0,2,2
secretary,senate,5.06,7,1,7,4,4,7,1,3,4,8,4,5,6,7,6,7
energy,laboratory,5.09,7,1,7.5,4,6,7,4,6,1,2,4,3,7,9,6,7
computer,laboratory,6.78,8,5,8,7,6,9,6,7,6,7.5,4,5,8,9,7,6
weapon,secret,6.06,7,4,8,6,6,9,2,6,3,6,5,6,8,9,7,5
FBI,fingerprint,6.94,8,6,8,5,5,9,7,7,6,6,6,8,9,7,6,8
FBI,investigation,8.31,9,9,8.5,9,7,9,8,8,8,7.5,6,9,10,9,7,9
investigation,effort,4.59,5,1,7.5,2,4,7,6,5,2,2,2,7,6,5,6,6
Mars,water,2.94,2,1,3,2,1,8,0,4,2,6,1,1,3,0,5,8
Mars,scientist,5.63,8,1,7,4,6,8,1,6,5,6,2,9,7,5,7,8
news,report,8.16,9,6,8.5,8,7,9,7,8,7,8,7,9,10,9,9,9
canyon,landscape,7.53,9,7.5,7,7,7,7,8,7,7,8,6,9,8,6,8,9
image,surface,4.56,7,1,5,1,1,5,4,3,4,4,5,5,7,7,8,6
discovery,space,6.34,8,2,7.5,9,5,7,4,7,5,6,5,7,8,8,7,6
water,seepage,6.56,8,7,9,7,7,8,7,6,0,6,1,8,7,8,8,8
sign,recess,2.38,4,1,2,4,5,4,0,4,3,0,1,0,0,0,6,4
Wednesday,news,2.22,4,1,4,2,3,6,2,3,0.5,0,1,1,0,1,4,3
mile,kilometer,8.66,9,9.5,9,8,9,8,9,9,8.5,7.5,8,8,10,8,9,9
computer,news,4.47,5,1,7,6,5,5,1,4,6.5,4,2,5,3,7,6,4
territory,surface,5.34,6,2,8.5,4,7,7,8,4,2,6,6,5,6,2,8,4
atmosphere,landscape,3.69,7,0,2,1,8,7,1,5,2,0,2,5,6,1,7,5
president,medal,3.00,5,2,1,3,6,6,1,7,2,0,1,3,2,1,4,4
war,troops,8.13,8,8.5,9,9,8,8,8,8,6,7.5,8,8,9,8,9,8
record,number,6.31,8,6,8,5,7,7,3,4,5,8,5,8,8,5,8,6
skin,eye,6.22,7,9,7,3,6,6,7,7,6,7.5,5,6,8,2,8,5
Japanese,American,6.50,7,6,8.5,6,6,4,8,7,7,7.5,5,8,9,1,8,6
theater,history,3.91,5,6,6,4,5,3,0,3,6.5,6,1,5,1,1,7,3
volunteer,motto,2.56,2,5,1,1,4,2,0,3,3,0,4,7,0,3,4,2
prejudice,recognition,3.00,7,4,2,1,6,2,4,5,1,0,6,5,0,0,3,2
decoration,valor,5.63,6,8,7,8,8,2,2,9,5,0,7,8,9,1,8,2
century,year,7.59,8,9,8,9,7,6,8,8,7,7.5,7,9,8,5,9,6
century,nation,3.16,5,0,7.5,5,4,4,0,2,2,4,2,2,2,0,8,3
delay,racism,1.19,1,0,1,1,6,1,0,1,0,0,4,0,0,0,3,1
delay,news,3.31,7,4,3,1,6,5,6,4,4,0,1,4,3,0,3,2
minister,party,6.63,8,7.5,8,7,6,7,8,8,5,7.5,6,1,8,8,8,3
peace,plan,4.75,5,2,7,6,7,4,3,5,4,4,5,3,7,2,9,3
minority,peace,3.69,6,0,7,3,1,5,6,4,4,4,3,3,5,0,5,3
attempt,peace,4.25,7,4,7,2,7,4,2,3,3,4,3,5,5,4,5,3
government,crisis,6.56,8,5,8,5,7,7,5,6,5,6,7,8,7,9,7,5
deployment,departure,4.25,7,0,2,6,7,5,6,4,2,2,5,6,2,0,8,6
deployment,withdrawal,5.88,9,9,6,6,3,8,8,4,3,2,5,8,9,0,8,6
energy,crisis,5.94,8,5,8,5,8,8,8,4,1,4,2,7,5,8,8,6
announcement,news,7.56,8,7,8,8,8,9,8,6,6,8,8,8,6,8,9,6
announcement,effort,2.75,5,6,2,2,1,5,4,2,2,2,2,0,3,0,5,3
stroke,hospital,7.03,9,8,8,8,7,3,8,7,6,7.5,7,7,9,3,8,7
disability,death,5.47,7,8,6.5,4,3,7,7,5,6,2,7,2,8,2,8,5
victim,emergency,6.47,8,7,7.5,4,5,6,6,7,6,4,5,6,9,9,9,5
treatment,recovery,7.91,8,8,8.5,9,9,8,9,8,6.5,7.5,7,7,10,5,9,7
journal,association,4.97,8,2,7.5,7,1,5,4,6,3,6,7,3,7,1,8,4
doctor,personnel,5.00,7,2,8,6,4,7,2,6,2,6,4,5,7,3,8,3
doctor,liability,5.19,7,4,8,7,4,6,4,5,4,2,4,2,6,8,7,5
liability,insurance,7.03,6,8.5,9,5,8,9,6,8,5,4,7,8,8,5,9,7
school,center,3.44,6,1,4,1,5,2,4,3,3,4,5,1,3,3,7,3
reason,hypertension,2.31,4,1,1,2,6,1,0,1,3,2,2,7,0,2,3,2
reason,criterion,5.91,3,2,8,7,9,3,6,4,4.5,8,7,7,8,6,7,5
hundred,percent,7.38,9,5,9,3,10,9,6,7,7,6,6,7,10,9,8,7
Harvard,Yale,8.13,9,8,9,10,8,8,9,10,8.5,7.5,8,8,10,0,8,9
hospital,infrastructure,4.63,5,2,1,5,6,5,4,7,3,4,5,5,5,3,7,7
death,row,5.25,2,7,8,2,8,7,6,3,7,4,2,7,9,0,8,4
death,inmate,5.03,4,5,7.5,1,5,4,7,3,6,2,6,6,3,8,8,5
lawyer,evidence,6.69,7,6.5,8.5,7,8,6,8,8,7,3,5,8,10,0,9,6
life,death,7.88,9,9.5,9.5,5,10,8,8,8,6.5,7.5,8,9,10,0,9,9
life,term,4.50,2,8,2,1,8,7,6,3,1,4,2,8,3,3,8,6
word,similarity,4.75,6,1,8,2,10,7,6,2,1,4,2,5,0,9,7,6
board,recommendation,4.47,6,4,2,1,7,8,3,4,1,7.5,2,7,7,0,7,5
governor,interview,3.25,4,0,4,1,7,6,0,5,0,2,3,5,3,3,4,5
OPEC,country,5.63,7,4,8,4,0,4,8,6,5,8,4,6,7,8,6,5
peace,atmosphere,3.69,6,5,5,1,0,6,3,5,2,6,1,3,3,0,7,6
peace,insurance,2.94,6,4,1,1,7,4,0,3,2,6,5,1,0,0,3,4
territory,kilometer,5.28,6,6,8,1,5,8,7,6,4,7.5,5,3,3,2,8,5
travel,activity,5.00,7,5,6.5,2,5,6,6,6,5,7.5,3,2,4,2,8,5
competition,price,6.44,7,8,7.5,5,6,7,8,4,6,7.5,5,6,9,5,9,3
consumer,confidence,4.13,7,4,2,3,3,3,1,2,2,6,2,7,9,4,8,3
consumer,energy,4.75,5,3,8,2,6,6,0,4,0,4,7,6,6,9,8,2
problem,airport,2.38,2,2,1,0,5,4,0,3,0,4,1,2,0,7,5,2
car,flight,4.94,6,3,7,5,6,6,4,7,4,2,7,5,8,0,5,4
credit,card,8.06,8,6,9,8,9,8,8,9,7,8,5,8,10,9,9,8
credit,information,5.31,7,5,2,3,7,4,1,5,7,1,2,8,10,9,8,6
hotel,reservation,8.03,8,7,9,7,8,8,8,8,7,7.5,7,8,10,9,9,8
grocery,money,5.94,8,5,7.5,2,7,7,7,5,6.5,6,6,8,6,2,5,7
registration,arrangement,6.00,8,8,7,7,8,4,1,4,7,6,6,6,8,3,8,5
arrangement,accommodation,5.41,5,6,7,6,4,4,4,6,3,7.5,5,5,7,6,7,4
month,hotel,1.81,4,0,1,1,3,6,0,2,1,1,2,0,3,0,3,2
type,kind,8.97,9,9.5,9.5,10,8,9,9,10,8.5,9,9,9,9,9,9,7
arrival,hotel,6.00,7,8,6.5,1,6,9,7,5,6,7.5,4,6,7,4,6,6
bed,closet,6.72,8,7.5,8,5,7,8,7,8,7,6,7,5,9,1,8,6
closet,clothes,8.00,8,7,9,10,8,9,8,9,9,8,7,8,9,3,9,7
situation,conclusion,4.81,8,4,6,4,6,3,7,6,2,6,6,7,4,0,6,2
situation,isolation,3.88,8,3,1,2,6,3,0,3,2,6,6,7,3,0,8,4
impartiality,interest,5.16,7,9.5,8,2,4,3,0,7,6,3,7,6,9,0,8,3
direction,combination,2.25,2,0,1,1,7,2,0,2,2,2,4,3,0,1,6,3
street,place,6.44,7,7,6,7,5,7,5,7,6,4,7,8,4,7,9,7
street,avenue,8.88,9,9,8.5,9,9,9,7,10,8.5,9,7,9,10,9,10,9
street,block,6.88,5,7,8.5,7,4,8,7,9,8.5,9,6,9,4,0,9,9
street,children,4.94,6,6,6,2,5,7,2,5,4,6,3,5,6,5,5,6
listing,proximity,2.56,3,0,1,1,5,4,0,3,1,2,2,4,3,1,7,4
listing,category,6.38,2,3,7,9,7,6,7,7,4,8,7,8,10,3,8,6
cell,phone,7.81,8,6,8,9,9,8,8,8,8,8,3,9,8,9,8,8
production,hike,1.75,2,2,1,1,6,3,0,1,1,0,2,3,0,0,4,2
benchmark,index,4.25,5,5,2,2,7,4,5,7,3,1,7,2,6,4,5,3
media,trading,3.88,6,2,5,1,7,6,3,4,2,2,6,2,5,0,8,3
media,gain,2.88,5,0,2,1,7,4,2,2,3,2,5,1,3,0,7,2
dividend,payment,7.63,6,9,7,4,9,8,8,8,7,8,7,8,8,9,9,7
dividend,calculation,6.48,7,8.75,6.5,1,9,7,6,7,6.5,8,3,6,7,8,8,5
calculation,computation,8.44,9,9.5,9.5,8,8,9,5,10,9,8,8,9,7,9,9,8
currency,market,7.50,8,5,7.5,5,9,8,7,8,7,7.5,6,8,8,9,9,8
OPEC,oil,8.59,8,8,9,10,10,8,8,8,8,7.5,7,9,10,9,9,9
oil,stock,6.34,6,5,8,6,7,6,2,6,8,7.5,6,6,7,8,7,6
announcement,production,3.38,5,0,3,2,6,5,1,4,2,2,3,6,3,5,6,1
announcement,warning,6.00,7,7,5,7,8,4,4,8,5,7,6,8,3,8,7,2
profit,warning,3.88,7,7,1,5,4,6,4,3,5,1,3,3,0,0,7,6
profit,loss,7.63,8,9.5,9.5,10,8,8,8,9,6,4,8,8,10,0,9,7
dollar,yen,7.78,8,9,9,10,7,5,8,8,7,7.5,8,8,10,3,9,8
dollar,buck,9.22,9,10,9.5,10,9,8,9,10,9,8,10,10,8,9,10,9
dollar,profit,7.38,8,6,9,9,9,7,7,8,8,6,7,5,6,7,8,8
dollar,loss,6.09,8,6,8.5,2,5,7,7,8,4,6,5,5,5,7,8,6
computer,software,8.50,9,8,9,8,9,8,8,9,8,9,8,8,10,9,9,7
network,hardware,8.31,8,8.5,8.5,9,9,7,8,7,8,9,8,9,8,9,9,8
phone,equipment,7.13,8,8.5,7.5,5,9,6,7,6,6,8,5,7,7,9,8,7
equipment,maker,5.91,8,7,7,6,6,5,8,5,2,7.5,3,4,6,5,8,7
luxury,car,6.47,7,6,8,6,7,7,5,5,3,7.5,6,6,7,7,8,8
five,month,3.38,5,6,2,1,5,4,1,5,2,4,2,1,3,6,5,2
report,gain,3.63,6,5,4,1,4,5,4,3,2,0,2,1,7,7,6,1
investor,earning,7.13,8,7,8,8,7,7,8,7,3,8,7,6,8,7,8,7
liquid,water,7.89,8,7.75,8.5,8,7,8,4,8,7,9,8,9,8,9,9,8
baseball,season,5.97,8,3,8.5,7,8,8,4,6,5,8,3,6,7,2,7,5
game,victory,7.03,8,8,7,7,5,8,6,7,6.5,8,7,5,9,8,7,6
game,team,7.69,8,8.5,8.5,8,5,8,6,9,7,9,7,7,9,8,8,7
marathon,sprint,7.47,7,9,7,8,6,8,7,8,6.5,9,8,8,5,9,8,6
game,series,6.19,7,8,7.5,6,5,8,5,6,2,7.5,3,8,6,5,8,7
game,defeat,6.97,8,8,7.5,7,6,8,6,7,6,8,7,5,9,6,7,6
seven,series,3.56,5,6,2,2,5,4,4,5,3,4,4,1,0,1,7,4
seafood,sea,7.47,9,8,7.5,8,9,9,7,7,7,9,6,6,5,7,8,7
seafood,food,8.34,9,9.5,9,9,9,8,4,9,7,9,8,9,8,9,9,8
seafood,lobster,8.70,9,9.75,8.5,10,9,9,6,10,7,9,9,9,8,9,9,8
lobster,food,7.81,8,8,8,10,9,7,4,9,7,9,6,9,9,7,8,7
lobster,wine,5.70,7,7.75,7.5,1,6,6,3,8,5.5,7.5,4,6,7,1,7,7
food,preparation,6.22,6,5,6.5,5,9,6,3,7,6,8,5,6,6,7,8,6
video,archive,6.34,7,6,7,5,9,7,4,7,4,7.5,5,7,5,9,8,4
start,year,4.06,5,5.5,6.5,2,5,3,0,6,4,6,2,2,3,9,4,2
start,match,4.47,5,2,6.5,1,9,3,3,8,1,2,3,5,5,9,6,3
game,round,5.97,4,8,8,4,5,5,7,9,4,7.5,5,6,7,5,8,3
boxing,round,7.61,6,8.25,7.5,7,8,7,8,9,4,8,7,8,10,9,9,6
championship,tournament,8.36,9,8.75,9,9,9,8,7,10,7,8,8,8,10,9,8,6
fighting,defeating,7.41,8,8,8,8,5,7,6,9,7,7.5,8,9,8,5,9,6
line,insurance,2.69,5,2,2,1,6,3,3,4,1,2,2,2,0,0,9,1
day,summer,3.94,7,7,2,1,4,3,1,7,3,4,4,4,6,1,5,4
summer,drought,7.16,8,8,8,9,5,7,7,8,5,7.5,5,4,8,9,8,8
summer,nature,5.63,5,6,4,7,9,5,6,7,4,6,6,3,3,6,7,6
day,dawn,7.53,8,8.5,8,8,9,8,6,8,6,6,8,7,8,7,8,7
nature,environment,8.31,9,6.5,8.5,9,9,9,7,9,8,8,8,8,10,9,8,7
environment,ecology,8.81,9,8.5,8.5,9,9,9,8,10,8,9,9,9,10,7,9,9
nature,man,6.25,5,6,8,5,9,5,5,7,3,8,5,6,8,5,8,7
man,woman,8.30,8,9.75,9,10,9,9,8,9,7.5,7.5,9,9,10,1,9,8
man,governor,5.25,7,4.5,5,1,6,4,3,7,2,7.5,3,7,7,8,7,5
murder,manslaughter,8.53,8,9.9,9.5,10,7,9,9,10,6,4,8,9,9,9,10,9
soap,opera,7.94,8,4,8.5,7,9,9,8,9,8,7.5,7,8,9,9,7,9
opera,performance,6.88,8,2,7.5,5,9,5,7,7,8,7.5,6,9,7,9,7,6
life,lesson,5.94,7,5,7.5,3,9,8,4,6,5,7.5,4,5,2,9,7,6
focus,life,4.06,5,0,7.5,1,7,6,0,3,4,7.5,3,2,2,7,5,5
production,crew,6.25,8,4,8,4,8,7,5,7,3,8,4,7,9,9,6,3
television,film,7.72,8,5,8.5,8,9,8,8,9,5,8,7,8,9,9,8,6
lover,quarrel,6.19,7,2,8.5,3,7,7,6,9,5,7.5,4,6,8,7,7,5
viewer,serial,2.97,3,0.5,1,1,4,3,0,6,2,2,2,7,7,3,4,2
possibility,girl,1.94,3,0,0,1,4,2,0,2,2,4,3,1,0,3,5,1
population,development,3.75,5,1,3,2,7,5,2,7,2,6,4,1,4,1,5,5
morality,importance,3.31,7,0,1,1,6,4,0,6,1,6,3,3,3,4,4,4
morality,marriage,3.69,6,5,2,1,5,4,1,3,3,6,3,5,4,1,4,6
Mexico,Brazil,7.44,8,8.5,8,6,7,7,8,9,7,7.5,7,8,10,2,8,8
gender,equality,6.41,8,6,5,4,4,8,5,8,6,7.5,2,8,8,7,7,9
change,attitude,5.44,8,5,6,3,4,7,4,7,7,6,4,6,5,0,7,8
family,planning,6.25,7,5,7,3,7,8,4,6,7,8,7,6,8,1,8,8
opera,industry,2.63,7,0,1,1,7,2,3,3,2,2,1,2,3,1,4,3
sugar,approach,0.88,3,0,0,1,5,1,0,1,0,0,1,0,0,0,1,1
practice,institution,3.19,4,1,1,1,6,2,2,2,4,3,6,6,5,0,5,3
ministry,culture,4.69,4,1,6,4,7,6,1,4,5,6,5,7,6,7,3,3
problem,challenge,6.75,7,7.5,7.5,8,7,7,1,10,5,6,6,8,8,8,7,5
size,prominence,5.31,7,8.5,6,7,6,4,2,8,3.5,2,6,5,6,1,7,6
country,citizen,7.31,8,7,7,9,8,7,7,7,5,8,7,8,9,6,8,6
planet,people,5.75,5,0,6,7,8,5,6,5,5,9,7,6,4,7,7,5
development,issue,3.97,5,1,6,1,5,3,1,5,3,7.5,3,7,3,2,5,6
experience,music,3.47,6,1,7,1,5,3,1,1,1,7.5,3,8,3,1,5,2
music,project,3.63,5,0,6,1,5,3,4,2,3,6,5,2,7,2,4,3
glass,metal,5.56,7,7,8,4,6,5,4,7,6,4,7,7,6,0,5,6
aluminum,metal,7.83,9,8.75,9,9,7,7,6,8,6,7.5,8,9,8,8,8,7
chance,credibility,3.88,8,3,1,3,6,3,3,4,3,6,3,8,1,1,4,5
exhibit,memorabilia,5.31,7,6,9,7,7,3,2,7,3,6,7,7,5,2,1,6
concert,virtuoso,6.81,8,6,7.5,9,6,7,7,8,2,7.5,7,7,8,3,8,8
rock,jazz,7.59,8,9,9,5,8,7,8,9,7,7.5,8,8,9,1,9,9
museum,theater,7.19,8,7.5,8.5,6,8,8,8,9,7,6,8,8,7,1,8,7
observation,architecture,4.38,7,3,3,4,6,3,6,5,3,4,7,7,3,1,2,6
space,world,6.53,7,6,8.5,3,9,6,7,9,5,6,8,8,5,3,8,6
preservation,world,6.19,7,8,7,6,7,7,2,8,4,6,6,8,8,4,6,5
admission,ticket,7.69,8,8,9,9,9,8,7,9,6,6,6,9,9,5,8,7
shower,thunderstorm,6.31,8,9,8,6,7,8,2,7,6,4,5,9,8,2,8,4
shower,flood,6.03,8,7,8.5,6,7,8,2,7,6,6,7,8,8,0,4,4
weather,forecast,8.34,8,7.5,9,9,9,9,7,9,7,8,8,9,10,7,9,8
disaster,area,6.25,7,8,9,3,9,8,3,5,6,6,5,8,9,1,5,8
governor,office,6.34,8,5,7.5,3,7,8,1,6,5,6,6,8,7,8,8,8
architecture,century,3.78,6,0,7.5,1,6,8,1,3,1,6,5,7,3,2,2,2
